日期,中壢,湖口,泰安,西螺,新營,仁德,關西,西湖,清水,南投,古坑,東山,關廟,石碇,蘇澳
2023/1/1,"433,216","1,152,276","1,749,527","2,021,691","1,210,852","896,879","2,651,835","1,703,575","3,267,701","1,429,918","1,016,249","1,857,187","416,086","442,051","850,205"
2023/1/2,"352,279","927,699","1,967,970","2,141,105","1,093,783","864,998","2,553,538","1,674,051","3,743,355","1,424,314","809,576","1,744,825","608,972","491,908","921,588"
2023/1/3,"280,454","426,526","1,085,134","876,077","537,996","558,509","1,013,961","643,324","1,224,513","576,348","258,671","697,858","354,443","248,457","347,574"
2023/1/4,"305,607","480,864","904,609","776,729","471,795","532,914","864,145","604,096","928,766","453,545","207,655","490,711","182,471","221,492","305,761"
2023/1/5,"311,576","430,331","852,844","806,957","488,456","445,483","877,252","532,904","995,465","469,029","211,453","503,295","159,489","224,392","310,305"
2023/1/6,"319,383","558,001","949,245","1,016,679","644,688","515,591","1,084,412","651,295","1,348,224","477,011","283,650","765,399","188,648","265,501","367,140"
2023/1/7,"321,778","633,722","1,182,350","1,259,181","692,647","604,983","1,350,385","845,648","1,848,406","699,495","394,214","1,049,898","232,081","293,937","489,290"
2023/1/8,"369,295","768,471","1,247,531","1,486,177","777,114","677,163","1,704,298","978,105","2,135,467","893,993","479,540","1,380,025","303,528","285,526","478,710"
2023/1/9,"282,061","514,132","935,361","899,978","542,928","508,558","1,017,269","748,861","1,434,504","541,161","252,480","713,977","286,466","264,057","412,067"
2023/1/10,"287,945","490,243","958,479","871,382","558,696","479,718","1,022,357","568,888","1,122,586","502,413","228,262","609,421","187,519","235,856","380,045"
2023/1/11,"288,002","522,826","964,251","911,248","569,154","522,273","1,020,051","602,336","1,253,292","499,938","262,077","670,227","190,571","257,342","359,460"
2023/1/12,"310,363","504,297","940,457","932,871","620,196","529,143","1,073,382","644,835","1,245,895","555,769","238,357","684,042","199,866","245,102","212,595"
2023/1/13,"333,811","627,299","1,119,055","1,203,018","762,934","576,137","1,330,262","886,201","1,714,112","702,467","347,229","860,193","273,808","233,320","187,604"
2023/1/14,"401,570","896,762","1,695,409","1,780,710","928,282","824,846","1,909,810","1,369,255","2,669,288","1,092,677","590,783","1,611,110","421,501","313,113","248,083"
2023/1/15,"378,241","723,419","1,513,128","1,591,339","889,265","773,910","1,907,101","1,180,298","2,763,773","1,021,931","544,823","1,521,465","355,947","272,742","262,762"
2023/1/16,"329,508","619,110","1,144,021","1,160,846","633,814","637,718","1,333,515","826,950","1,615,194","611,745","293,331","886,674","347,472","335,432","300,191"
2023/1/17,"336,892","490,897","1,054,544","1,096,169","655,119","632,161","1,178,491","732,036","1,459,216","661,690","268,473","821,073","242,564","345,755","357,147"
2023/1/18,"427,376","592,985","1,394,230","1,289,578","738,516","936,912","1,395,623","933,758","1,789,640","705,755","359,372","776,495","320,598","441,362","418,433"
2023/1/19,"357,423","797,859","1,594,541","1,664,120","878,822","698,691","1,712,946","1,364,879","2,898,576","1,085,430","521,680","1,008,344","286,404","292,853","820,109"
2023/1/20,"395,062","1,062,295","2,593,158","2,508,773","1,295,478","807,332","2,427,455","1,978,799","4,675,645","1,898,774","1,045,081","1,902,318","469,166","293,912","1,014,314"
2023/1/21,"303,433","1,041,415","2,405,346","2,198,068","1,075,328","770,715","2,083,949","1,655,196","3,772,710","1,536,857","855,491","1,772,241","500,599","261,043","822,928"
2023/1/22,"567,521","1,933,888","3,486,829","3,429,342","2,007,442","1,404,363","3,964,874","3,152,294","6,334,063","2,830,920","1,738,061","3,500,690","1,078,981","537,787","1,616,296"
2023/1/23,"525,869","2,110,387","3,958,124","3,400,393","2,098,825","1,591,508","4,245,978","3,253,898","6,772,315","2,981,463","1,831,509","3,793,734","1,369,636","598,262","1,496,341"
2023/1/24,"627,978","2,373,235","4,186,912","3,689,130","3,058,752","1,662,391","4,144,375","3,978,389","6,443,448","3,309,180","2,097,219","3,957,929","1,465,078","809,246","1,453,315"
2023/1/25,"598,451","2,263,422","4,148,486","3,609,980","2,646,092","1,599,428","4,531,225","3,437,902","6,751,729","3,065,857","2,024,511","3,681,970","1,669,991","797,541","1,528,263"
2023/1/26,"569,787","2,084,216","3,618,858","3,576,585","2,020,985","1,383,693","4,386,227","3,073,668","6,296,326","2,819,825","1,925,271","3,476,756","1,486,450","853,184","1,325,817"
2023/1/27,"439,997","1,728,908","3,234,248","2,901,119","1,549,254","1,140,719","3,522,925","2,503,613","5,598,166","2,362,042","1,557,271","3,013,781","1,277,526","716,172","1,198,756"
2023/1/28,"368,905","1,269,544","2,389,728","2,328,789","1,182,166","927,654","2,755,441","1,913,591","4,440,988","1,655,529","1,032,181","2,510,614","871,021","619,676","1,014,130"
2023/1/29,"331,850","909,412","1,720,939","1,867,305","1,003,325","928,770","1,946,025","1,187,561","2,980,315","1,162,429","663,743","2,030,279","641,430","344,694","710,597"
2023/1/30,"492,807","946,695","1,425,190","1,412,297","748,462","552,226","1,607,379","1,189,390","2,621,855","940,866","485,276","1,286,819","429,022","369,531","620,838"
2023/1/31,"493,871","793,592","1,447,135","1,184,435","609,924","546,951","1,458,166","711,602","1,911,202","763,144","366,416","1,183,188","382,065","345,922","528,588"
2023/2/1,"289,435","632,689","907,995","1,042,887","604,988","423,368","1,323,370","714,106","1,651,389","647,568","322,006","960,808","239,768","323,838","457,984"
2023/2/2,"256,670","606,704","1,105,825","1,128,977","614,350","577,990","1,258,814","708,678","1,703,388","635,734","320,116","1,014,921","281,531","310,627","561,152"
2023/2/3,"286,438","788,911","1,101,506","1,184,093","653,836","510,005","1,355,079","793,743","1,797,347","729,840","408,525","1,017,728","362,139","322,737","466,753"
2023/2/4,"334,049","857,063","1,416,744","1,544,836","856,249","633,224","1,727,651","1,068,248","2,481,450","1,071,165","555,471","1,449,464","353,425","376,336","554,283"
2023/2/5,"330,553","923,419","1,594,342","1,774,133","1,033,087","780,623","1,774,144","1,210,818","2,817,184","1,126,242","701,682","1,803,490","430,304","341,855","608,107"
2023/2/6,"282,015","772,022","1,309,168","1,307,487","687,922","585,411","1,516,507","966,847","2,028,656","778,006","470,401","1,214,210","390,240","322,379","469,783"
2023/2/7,"315,559","668,200","1,125,222","1,103,590","716,907","530,199","1,406,591","756,709","1,734,758","764,742","416,835","1,182,530","327,695","321,619","447,221"
2023/2/8,"298,492","686,130","1,109,798","1,129,471","748,070","505,345","1,354,890","759,558","1,756,511","711,094","442,216","1,055,947","307,696","338,147","445,976"
2023/2/9,"290,741","676,610","1,164,224","1,132,247","662,298","533,418","1,329,402","772,678","1,736,960","713,673","363,537","1,044,715","293,232","306,919","466,859"
2023/2/10,"337,473","807,105","1,287,221","1,336,656","876,770","572,506","1,658,858","1,030,416","2,247,263","849,380","487,395","1,119,996","302,254","341,920","556,639"
2023/2/11,"477,297","1,282,001","1,819,346","2,053,572","1,074,131","862,292","2,446,624","1,628,979","3,377,742","1,481,194","841,314","1,924,212","498,840","378,913","869,058"
2023/2/12,"449,721","1,475,702","1,915,955","2,099,218","1,129,253","845,303","2,873,245","1,849,012","3,670,636","1,595,488","1,007,878","2,253,327","496,692","511,728","851,790"
2023/2/13,"273,979","587,448","1,171,559","983,706","525,327","568,487","1,154,659","759,450","1,861,966","628,485","328,950","1,084,490","398,401","272,170","357,061"
2023/2/14,"276,842","581,650","913,230","906,267","544,035","497,906","935,422","640,726","1,237,070","597,199","307,266","770,966","211,113","240,853","277,809"
2023/2/15,"238,025","526,349","854,345","889,387","553,442","459,315","957,664","586,633","1,183,948","586,617","259,223","770,898","207,970","228,611","321,219"
2023/2/16,"309,041","547,761","902,450","972,661","567,609","490,962","970,729","590,534","1,177,101","527,354","245,421","716,321","207,461","251,888","338,976"
2023/2/17,"283,833","606,112","1,069,252","1,113,371","644,374","451,335","1,153,447","701,222","1,507,096","658,667","323,150","786,176","204,509","283,618","365,860"
2023/2/18,"338,785","841,999","1,339,365","1,422,109","777,086","628,094","1,570,375","977,855","2,233,925","935,880","469,202","1,270,518","312,179","338,089","423,316"
2023/2/19,"379,670","1,063,359","1,494,437","1,730,144","953,057","745,792","2,039,775","1,212,493","2,653,752","1,207,102","703,314","1,925,065","393,663","363,964","530,316"
2023/2/20,"268,809","611,220","1,163,268","1,051,557","549,418","675,990","1,119,351","775,120","1,440,583","568,516","295,870","895,193","294,020","258,941","304,199"
2023/2/21,"269,570","538,747","877,107","1,002,550","689,335","514,323","911,136","524,928","1,090,697","553,859","396,154","739,954","213,009","373,094","300,726"
2023/2/22,"288,094","507,340","863,582","831,884","599,338","454,660","1,011,022","573,468","1,134,279","503,976","263,246","749,613","216,443","280,928","612,977"
2023/2/23,"373,535","597,805","954,260","908,605","535,147","695,881","979,450","649,884","1,143,419","829,616","237,632","668,796","189,752","600,451","327,914"
2023/2/24,"352,497","754,590","1,368,508","1,424,038","812,923","548,423","1,493,549","978,539","2,051,406","832,763","448,397","1,022,827","253,544","404,847","589,274"
2023/2/25,"382,989","1,371,072","2,588,906","2,515,911","1,324,922","1,003,249","2,850,930","2,260,020","4,489,168","2,214,500","1,315,143","2,511,298","748,986","394,970","974,183"
2023/2/26,"447,998","1,745,342","2,584,431","2,738,429","1,502,377","1,120,053","3,161,643","2,285,122","4,326,688","2,115,644","1,414,263","2,809,940","783,291","500,500","1,052,148"
2023/2/27,"467,292","1,809,265","2,650,483","2,698,370","1,557,314","1,035,647","3,614,350","2,623,691","4,874,896","2,196,540","1,487,996","2,984,694","865,301","642,981","1,090,654"
2023/2/28,"465,908","1,161,415","2,458,509","2,110,112","1,129,547","997,767","2,692,742","1,680,014","3,840,949","1,513,274","772,916","2,412,874","837,640","406,985","752,104"
2023/3/1,"281,629","456,555","707,079","839,064","716,994","334,181","946,188","608,481","1,124,598","505,456","288,562","612,067","102,523","278,519","349,040"
2023/3/2,"266,110","294,257","833,358","804,314","476,414","431,361","937,971","551,681","978,154","610,356","238,088","575,127","202,805","239,609","311,749"
2023/3/3,"307,396","350,084","924,245","1,041,061","627,146","447,437","1,097,135","711,704","1,395,676","573,142","350,272","778,996","189,867","254,120","394,708"
2023/3/4,"360,237","562,835","1,543,413","1,564,712","829,141","629,791","1,758,672","1,160,923","2,523,212","1,066,502","605,190","1,548,058","321,668","311,028","548,780"
2023/3/5,"354,626","691,136","1,495,830","1,622,782","889,416","663,859","2,031,443","1,248,571","2,910,044","1,235,895","742,805","1,837,335","358,982","387,356","541,219"
2023/3/6,"271,587","332,788","1,009,284","897,264","510,563","493,853","992,957","698,517","1,342,339","562,542","300,429","879,824","316,349","270,160","390,164"
2023/3/7,"293,796","316,911","820,561","788,499","481,286","447,717","909,242","510,082","1,075,772","536,357","269,077","648,661","199,173","258,833","367,145"
2023/3/8,"263,761","377,888","924,679","789,735","493,504","456,791","928,419","548,950","1,111,366","520,947","231,127","708,384","202,180","257,089","315,130"
2023/3/9,"268,965","339,737","934,350","909,836","536,070","441,755","993,448","592,760","1,082,690","569,824","249,469","824,724","189,969","262,203","350,079"
2023/3/10,"352,513","443,060","1,136,804","1,397,286","714,112","599,126","1,346,689","890,650","1,683,502","803,537","360,901","1,027,556","240,425","297,402","506,539"
2023/3/11,"386,295","599,025","1,713,021","1,729,657","909,742","719,821","2,029,407","1,402,841","2,832,487","1,169,234","690,768","1,673,846","381,187","313,137","593,541"
2023/3/12,"387,981","829,069","1,730,883","1,749,383","945,836","763,730","2,335,337","1,475,446","3,210,606","1,354,553","772,480","2,021,060","446,592","458,555","629,064"
2023/3/13,"258,402","339,193","1,149,643","991,229","553,534","536,340","1,025,625","720,348","1,706,276","589,758","316,491","957,514","362,180","271,716","447,951"
2023/3/14,"289,003","352,725","896,285","857,689","510,154","443,104","920,868","589,467","1,165,641","562,501","280,693","760,769","210,518","255,417","333,210"
2023/3/15,"312,805","385,951","948,507","891,931","516,560","479,235","948,879","636,392","1,267,186","589,045","212,857","892,378","209,358","256,315","309,381"
2023/3/16,"274,024","333,976","902,922","865,635","535,536","431,769","948,342","595,362","1,265,251","527,388","280,912","729,095","191,591","265,123","353,708"
2023/3/17,"325,668","378,292","1,131,487","1,250,899","730,038","484,055","1,380,150","910,398","1,868,974","778,508","410,341","922,133","244,375","342,700","503,768"
2023/3/18,"395,809","620,702","1,919,763","1,914,110","946,973","767,461","2,199,527","1,643,847","3,311,993","1,374,135","789,436","1,861,638","466,367","386,133","614,711"
2023/3/19,"421,398","845,210","1,857,164","2,031,705","1,091,119","841,527","2,361,268","1,533,136","3,543,778","140,259","797,708","2,095,991","502,040","462,165","750,366"
2023/3/20,"272,231","366,880","1,235,843","1,107,504","528,025","624,156","1,094,613","820,693","1,642,192","586,985","320,354","1,004,062","423,169","503,382","511,828"
2023/3/21,"278,785","392,677","928,216","912,510","437,319","578,453","985,713","598,630","1,157,562","539,424","336,127","684,227","237,765","391,805","388,247"
2023/3/22,"256,698","308,341","834,370","822,709","528,984","448,791","899,367","552,019","1,099,184","504,760","231,657","649,994","200,951","268,514","414,970"
2023/3/23,"268,411","311,528","864,954","854,334","462,578","455,806","939,396","571,912","1,124,706","654,267","214,178","664,341","222,340","239,566","393,747"
2023/3/24,"317,370","458,448","1,143,842","1,199,930","575,367","711,369","1,099,816","736,775","1,227,235","585,044","314,942","813,240","239,437","277,751","501,044"
2023/3/25,"331,964","457,335","1,438,100","1,460,585","696,380","636,899","1,673,114","1,190,030","2,508,549","910,135","512,696","1,241,634","312,970","331,544","678,084"
2023/3/26,"394,892","769,218","1,757,210","1,834,520","853,856","783,571","2,063,293","1,508,418","3,274,606","1,260,657","633,312","1,782,516","462,662","428,226","710,340"
2023/3/27,"427,133","422,213","1,199,918","991,990","624,169","545,694","1,114,002","1,041,585","1,729,313","544,095","301,024","828,674","330,076","295,626","565,752"
2023/3/28,"269,297","424,820","916,396","849,430","511,356","468,970","942,809","563,568","1,087,299","517,149","248,310","689,882","240,029","306,438","383,559"
2023/3/29,"274,398","353,024","964,788","865,574","525,789","472,159","971,989","555,411","1,181,130","528,560","220,584","820,112","217,921","223,722","383,161"
2023/3/30,"266,273","333,792","971,611","938,443","537,209","563,876","1,014,619","656,424","1,298,958","551,994","276,018","674,963","203,739","238,922","387,850"
2023/3/31,"452,194","522,572","1,858,424","1,537,261","801,774","599,225","1,554,212","1,192,827","2,314,598","922,318","525,637","1,033,506","338,914","319,938","825,189"
2023/4/1,"386,900","1,661,558","2,479,220","2,736,355","1,386,139","1,058,384","2,631,290","2,553,001","4,746,713","2,319,569","1,300,026","2,465,024","769,950","390,694","892,723"
2023/4/2,"468,940","1,806,550","2,992,862","2,878,814","1,308,365","1,180,811","3,056,419","2,521,954","5,029,291","149,863","1,393,157","2,787,627","874,459","442,514","1,071,490"
2023/4/3,"474,344","1,610,528","2,689,797","2,815,475","1,312,151","1,111,371","3,233,778","2,489,894","4,784,925","2,059,472","1,455,637","2,872,783","932,351","636,648","1,065,962"
2023/4/4,"404,026","1,480,745","2,561,718","2,497,152","1,151,349","890,826","2,821,589","1,992,286","4,594,678","1,726,797","1,212,922","2,592,617","942,210","637,026","1,010,865"
2023/4/5,"332,735","1,197,774","2,099,862","2,004,652","989,475","744,812","2,188,924","1,585,256","3,487,221","1,354,302","740,280","1,835,584","712,535","402,187","714,889"
2023/4/6,"253,100","626,316","1,184,857","1,013,531","555,710","537,096","1,037,416","718,869","1,593,352","667,078","323,472","1,064,005","421,809","312,146","466,967"
2023/4/7,"284,169","689,478","1,046,773","1,053,894","618,218","536,280","1,196,265","690,795","1,463,975","573,161","318,549","777,338","290,967","274,846","428,893"
2023/4/8,"309,671","935,574","1,544,653","1,509,436","825,714","670,950","1,627,995","1,078,094","2,246,466","962,429","602,628","1,356,221","365,723","333,192","534,991"
2023/4/9,"352,512","998,387","1,406,223","1,695,965","859,404","735,041","1,724,277","1,076,840","2,531,203","1,074,042","634,465","1,654,036","415,254","366,939","557,360"
2023/4/10,"246,190","635,268","1,049,841","972,695","527,754","538,470","952,350","637,725","1,554,789","486,286","282,837","804,720","336,068","286,829","369,533"
2023/4/11,"310,357","593,614","882,301","902,285","537,372","503,075","890,253","513,967","1,091,265","544,091","253,109","674,875","209,520","270,735","418,763"
2023/4/12,"284,330","617,932","902,073","802,366","496,402","499,595","960,070","585,365","1,124,030","448,270","262,829","615,878","235,491","279,016","381,370"
2023/4/13,"311,189","590,685","899,258","837,240","492,863","474,625","924,906","537,523","1,047,346","518,081","234,198","616,026","242,651","274,923","552,221"
2023/4/14,"310,817","730,815","1,068,976","1,165,233","647,789","523,653","1,202,542","830,605","1,455,714","616,190","325,248","816,958","242,405","298,598","638,034"
2023/4/15,"381,905","992,069","1,559,895","1,613,676","787,896","769,157","1,620,853","1,221,542","2,257,037","996,151","608,180","1,404,595","434,454","340,170","580,962"
2023/4/16,"333,938","1,079,436","1,424,936","1,668,308","914,692","794,513","1,904,175","1,166,715","2,551,965","1,279,506","671,613","1,716,261","418,605","445,466","670,941"
2023/4/17,"295,147","601,935","1,063,903","937,886","502,992","532,830","992,836","656,750","1,366,566","494,788","302,349","876,974","373,065","306,347","489,908"
2023/4/18,"272,595","587,561","903,503","822,539","491,433","478,419","920,354","542,536","1,105,883","551,703","236,603","637,669","239,643","290,768","420,634"
2023/4/19,"261,113","575,046","943,741","901,423","523,087","548,184","840,673","480,060","1,003,724","437,116","210,667","625,668","224,507","263,805","401,276"
2023/4/20,"323,780","635,373","915,432","921,425","514,247","676,383","840,469","550,569","981,042","471,272","188,231","635,366","226,115","330,237","357,528"
2023/4/21,"305,920","751,962","1,100,818","1,260,165","650,738","533,512","1,326,299","866,007","1,567,116","646,047","403,010","804,612","346,194","290,118","549,150"
2023/4/22,"339,909","1,118,821","1,633,176","1,761,207","836,234","798,867","1,886,352","1,394,768","2,746,184","1,138,656","592,934","1,530,962","484,976","332,634","684,083"
2023/4/23,"373,316","1,145,760","1,681,830","1,854,494","887,855","835,942","2,092,243","1,388,681","3,013,478","1,299,311","713,085","1,741,535","489,167","507,972","723,688"
2023/4/24,"261,608","631,826","1,194,625","1,155,741","668,900","602,658","1,129,391","1,072,219","1,747,227","626,520","281,346","872,451","445,402","321,372","580,711"
2023/4/25,"261,181","599,595","954,736","1,146,992","520,487","505,469","957,011","584,421","1,341,395","487,905","229,745","666,563","245,762","379,085","442,899"
2023/4/26,"415,030","658,241","963,462","974,354","534,193","480,198","924,751","577,273","1,265,722","451,536","226,307","631,810","294,554","611,333","456,539"
2023/4/27,"266,084","798,485","979,343","951,243","517,581","494,389","1,053,748","636,853","1,216,633","522,826","249,559","856,856","245,522","282,665","451,979"
2023/4/28,"332,068","771,872","1,197,967","1,212,098","750,987","532,414","1,340,046","861,078","1,752,545","778,404","362,615","850,005","291,234","314,578","825,034"
2023/4/29,"401,947","1,202,373","2,117,235","2,039,214","959,417","891,056","2,221,959","1,687,267","3,061,901","1,398,175","781,308","1,841,443","591,458","371,478","884,450"
2023/4/30,"557,284","1,523,583","2,395,458","2,279,219","1,011,596","1,140,347","2,574,381","1,909,367","3,788,197","1,961,025","949,423","2,468,682","883,346","493,744","929,024"
2023/5/1,"366,480","1,068,305","1,251,208","1,566,898","781,440","494,383","1,907,725","1,232,133","2,626,525","1,002,151","622,880","1,389,152","334,194","532,174","878,891"
2023/5/2,"263,289","518,688","1,014,611","926,533","503,238","517,129","1,017,255","604,322","1,209,009","493,452","281,100","736,109","335,200","258,767","394,920"
2023/5/3,"285,535","550,515","898,638","836,709","560,304","421,715","834,657","537,353","1,053,954","466,988","199,007","539,306","247,593","264,397","405,099"
2023/5/4,"266,377","559,235","808,975","852,217","488,522","439,487","836,863","533,776","1,061,307","455,961","203,362","581,940","214,287","257,670","397,719"
2023/5/5,"307,132","715,547","996,928","1,194,419","630,465","518,856","1,194,773","746,717","1,551,911","615,220","275,915","728,729","281,827","291,033","467,066"
2023/5/6,"363,164","966,281","1,624,092","1,720,540","771,419","745,120","1,819,230","1,203,336","2,368,993","1,076,241","602,050","1,376,029","484,421","366,160","684,736"
2023/5/7,"358,191","1,135,681","1,493,652","1,762,007","890,312","777,352","1,971,317","1,362,449","2,755,991","1,062,250","550,936","1,547,558","501,966","483,173","726,914"
2023/5/8,"265,673","694,737","1,165,356","993,637","493,273","571,250","1,028,798","688,851","1,527,034","515,488","271,977","813,371","410,025","327,224","460,146"
2023/5/9,"267,683","575,404","1,015,476","854,858","490,140","476,643","924,231","587,005","1,163,963","532,209","220,173","648,012","229,733","263,203","391,440"
2023/5/10,"273,143","572,768","929,498","926,821","491,462","490,342","912,220","551,529","1,038,459","483,247","194,383","559,383","224,997","284,559","401,238"
2023/5/11,"299,582","568,519","882,286","904,810","517,326","479,721","945,519","609,491","1,172,516","481,081","221,141","615,776","240,503","281,264","476,524"
2023/5/12,"343,755","813,723","1,147,408","1,293,934","745,372","535,452","1,305,774","928,531","1,851,449","656,455","341,294","831,833","268,618","298,495","560,447"
2023/5/13,"400,561","1,043,907","1,738,923","1,796,693","884,186","849,596","1,844,312","1,315,268","2,680,404","1,090,615","637,211","1,568,160","449,119","342,136","650,659"
2023/5/14,"399,759","1,189,782","1,531,828","1,871,733","885,371","799,340","2,048,740","1,409,135","2,996,535","1,220,377","631,703","1,662,815","446,950","484,378","618,643"
2023/5/15,"266,689","662,229","1,116,004","1,016,233","520,574","598,296","1,097,447","728,876","1,385,102","559,318","291,658","872,852","348,077","312,638","496,307"
2023/5/16,"291,200","589,178","869,174","852,979","461,924","482,390","875,099","552,837","1,095,163","481,210","228,950","597,568","229,851","276,041","400,754"
2023/5/17,"290,125","591,619","812,191","839,030","456,662","433,150","828,809","547,236","1,008,731","455,182","199,989","717,771","216,717","368,768","386,925"
2023/5/18,"295,309","600,292","834,746","918,727","530,983","467,064","951,657","582,320","1,218,762","480,245","217,894","593,620","243,330","259,123","424,323"
2023/5/19,"334,326","783,549","997,178","1,167,853","677,659","480,620","1,325,628","861,195","1,680,433","752,767","324,050","888,608","297,606","327,933","572,076"
2023/5/20,"398,549","1,151,464","1,684,982","1,759,710","859,146","764,996","1,846,794","1,298,065","2,618,131","1,028,227","579,237","1,424,841","500,653","337,447","695,622"
2023/5/21,"418,050","1,168,634","1,583,196","1,891,424","878,421","754,969","2,125,556","1,312,899","3,131,925","1,204,706","770,894","1,850,897","495,823","521,664","726,804"
2023/5/22,"251,219","612,352","1,136,547","951,597","541,565","602,529","1,032,446","729,001","1,287,625","580,365","332,818","983,880","449,215","314,455","542,259"
2023/5/23,"291,701","547,558","852,823","1,007,628","480,175","606,204","836,040","522,025","1,062,038","455,575","196,540","628,249","304,519","363,435","434,354"
2023/5/24,"273,331","570,853","834,556","876,342","484,959","499,275","938,586","521,597","996,535","466,809","212,639","671,503","226,087","478,923","425,827"
2023/5/25,"346,346","680,318","1,051,524","916,346","481,139","466,599","1,053,608","595,939","1,125,762","586,721","222,710","644,641","233,489","268,044","449,071"
2023/5/26,"443,194","746,125","1,115,486","1,446,811","674,762","523,863","1,336,242","827,320","1,686,173","645,650","360,085","951,119","280,515","380,609","595,867"
2023/5/27,"413,794","1,249,015","1,749,284","1,823,004","849,533","821,854","2,100,261","1,397,609","2,675,347","1,064,875","655,881","1,532,270","503,977","376,994","740,437"
2023/5/28,"419,638","1,255,404","1,672,499","2,015,647","894,347","780,859","2,260,943","1,422,596","3,016,108","1,200,039","768,109","1,779,492","516,406","583,704","753,951"
2023/5/29,"312,305","570,310","1,142,777","959,295","605,795","539,772","1,047,787","982,791","1,611,339","491,644","249,120","803,357","424,494","284,000","574,957"
2023/5/30,"322,734","640,826","817,211","856,693","473,218","470,755","794,893","505,680","1,029,022","455,706","232,601","606,918","249,340","240,434","370,807"
2023/5/31,"365,813","636,060","1,020,891","878,449","477,065","455,331","732,204","543,871","1,007,418","633,604","194,299","547,749","241,342","195,689","239,363"
2023/6/1,"267,872","552,476","651,881","839,570","472,836","396,352","756,888","518,502","972,798","255,789","183,567","536,560","161,633","212,327","298,961"
2023/6/2,"345,036","680,785","1,020,549","1,198,582","621,056","529,049","1,220,487","777,747","1,492,581","411,916","314,273","723,741","251,966","277,976","460,692"
2023/6/3,"400,553","1,092,858","1,573,860","1,698,866","811,462","762,530","1,867,930","1,309,229","2,576,515","646,568","576,365","1,405,182","475,661","358,609","698,014"
2023/6/4,"418,977","1,175,600","1,433,241","1,777,823","804,952","777,609","2,021,087","1,256,174","2,811,284","674,704","706,855","1,674,879","473,681","512,731","714,233"
2023/6/5,"284,722","599,294","1,104,966","1,002,256","529,685","535,322","891,653","695,230","1,350,289","343,591","270,283","795,922","393,562","315,509","524,027"
2023/6/6,"299,782","555,955","802,128","812,036","479,754","484,543","901,585","523,253","1,052,111","284,047","235,131","671,278","276,165","273,897","374,518"
2023/6/7,"305,824","638,191","836,080","911,792","496,115","475,596","966,024","578,797","1,090,044","272,660","184,158","603,092","231,611","269,551","406,506"
2023/6/8,"295,707","548,252","889,430","866,596","507,797","475,343","984,912","570,258","1,229,315","257,078","228,245","608,691","259,719","287,737","482,966"
2023/6/9,"335,308","699,940","1,054,385","1,357,727","699,300","500,880","1,400,223","824,217","1,672,769","429,225","338,316","784,491","296,639","353,074","562,506"
2023/6/10,"408,563","1,137,611","1,683,503","1,824,817","832,534","839,178","2,068,639","1,373,158","2,620,702","695,993","636,344","1,409,193","539,367","347,530","796,416"
2023/6/11,"403,557","1,161,530","1,680,523","1,921,639","896,359","837,252","2,131,818","1,375,826","2,972,657","757,224","706,873","1,663,620","512,722","527,924","881,696"
2023/6/12,"287,763","613,762","1,195,721","1,076,921","554,396","525,816","1,126,425","852,503","1,616,604","368,180","265,674","846,366","437,943","308,638","562,847"
2023/6/13,"325,868","610,392","939,597","926,956","508,328","483,244","979,458","622,586","1,154,159","292,903","189,104","630,580","269,663","312,683","393,097"
2023/6/14,"270,992","634,630","904,881","904,717","513,774","480,779","1,005,041","604,225","1,091,446","285,439","250,480","617,632","240,504","267,146","434,002"
2023/6/15,"293,384","666,990","894,695","967,796","521,640","462,583","991,516","603,014","1,211,379","284,328","251,310","656,743","235,760","378,776","411,309"
2023/6/16,"358,766","763,881","1,056,673","1,219,969","622,962","610,566","1,193,292","772,155","1,434,964","420,806","279,886","843,969","274,941","338,945","502,853"
2023/6/17,"381,666","1,001,160","1,443,990","1,488,648","721,007","633,227","1,835,139","1,123,177","2,237,685","568,637","482,895","1,265,190","360,228","369,370","720,924"
2023/6/18,"392,189","1,160,528","1,561,784","1,855,238","808,111","757,556","1,859,261","1,176,084","2,661,987","693,719","588,111","1,540,023","463,519","472,495","795,070"
2023/6/19,"299,074","654,985","1,126,015","1,063,318","532,528","548,193","1,177,534","726,693","1,452,410","354,448","303,611","889,166","391,156","404,271","554,815"
2023/6/20,"339,498","658,815","942,116","998,718","543,695","596,517","1,139,350","680,929","1,325,934","320,376","259,328","759,048","307,471","484,239","483,081"
2023/6/21,"372,236","986,646","1,400,548","1,650,008","800,281","667,405","1,739,648","1,230,746","2,288,530","578,411","541,374","1,084,246","369,727","363,678","837,654"
2023/6/22,"378,624","1,366,796","2,662,561","2,710,978","1,330,093","1,000,238","2,702,071","2,183,332","4,159,552","1,174,481","1,191,204","2,431,021","829,105","344,443","1,079,506"
2023/6/23,"449,454","1,448,583","2,278,928","2,437,615","1,087,608","984,042","2,706,731","1,836,965","3,875,171","923,526","1,057,980","2,329,893","733,393","450,592","1,077,421"
2023/6/24,"460,423","1,594,608","2,420,371","2,626,638","1,157,621","982,468","2,772,580","2,161,009","4,550,479","1,003,453","1,036,643","2,546,759","815,536","626,903","1,012,457"
2023/6/25,"386,651","1,372,314","2,287,131","2,474,960","1,027,071","874,258","2,463,355","1,875,496","3,930,963","918,532","894,993","2,263,103","838,154","533,477","961,695"
2023/6/26,"288,474","710,225","1,512,663","1,537,533","681,054","648,955","1,273,939","1,187,662","2,057,119","442,185","344,178","1,070,930","503,328","425,103","733,112"
2023/6/27,"406,647","837,521","1,052,746","1,108,729","625,956","514,709","1,118,217","680,023","1,463,165","315,538","249,513","998,651","312,139","350,912","539,028"
2023/6/28,"351,849","776,379","1,023,898","1,081,730","598,254","528,186","1,221,792","623,873","1,363,980","320,867","273,945","740,573","308,034","346,341","545,895"
2023/6/29,"322,549","643,975","998,115","992,243","537,002","502,338","1,169,311","676,355","1,416,464","351,919","269,127","839,862","301,906","442,006","542,556"
2023/6/30,"541,140","1,039,274","1,477,743","1,551,994","714,649","760,132","1,626,358","1,073,360","2,119,286","479,172","424,751","1,194,863","518,483","375,731","702,576"
2023/7/1,"398,607","1,253,171","1,474,511","1,849,095","895,412","644,152","2,022,011","1,417,295","2,833,416","678,953","668,186","1,544,721","414,741","414,110","859,191"
2023/7/2,"416,984","1,174,251","1,661,966","1,897,817","874,261","810,576","2,083,907","1,437,871","3,195,915","790,460","715,365","1,972,144","562,764","528,537","877,648"
2023/7/3,"322,062","732,150","1,251,457","1,235,447","597,065","602,333","1,410,577","888,793","1,816,490","447,663","344,610","1,133,075","507,752","404,642","678,526"
2023/7/4,"315,380","615,896","1,063,672","1,041,100","608,219","494,715","1,254,256","675,821","1,453,622","365,553","301,234","909,404","349,625","353,978","507,278"
2023/7/5,"298,844","706,132","1,021,081","1,068,866","572,315","532,107","1,253,560","664,419","1,447,789","344,490","274,803","877,929","352,050","370,998","587,625"
2023/7/6,"315,093","724,020","1,097,968","1,132,865","602,156","523,344","1,309,218","706,173","1,561,868","360,181","311,641","916,349","343,029","352,002","679,913"
2023/7/7,"363,546","837,394","1,369,364","1,494,011","744,617","592,165","1,713,646","1,114,792","2,232,341","533,619","425,430","1,101,355","393,606","432,448","776,483"
2023/7/8,"415,846","1,100,920","1,862,337","1,933,673","883,629","783,296","2,113,953","1,440,170","2,863,676","755,501","680,136","1,740,202","592,469","462,547","1,001,543"
2023/7/9,"411,308","1,142,911","1,712,387","2,108,172","913,320","884,137","2,426,629","1,526,148","3,364,606","902,482","828,011","2,107,567","630,453","656,860","923,446"
2023/7/10,"306,181","757,667","1,337,033","1,307,599","638,587","660,279","1,513,210","888,615","2,167,611","479,214","352,904","1,151,619","548,625","444,474","731,159"
2023/7/11,"337,020","739,127","1,119,379","1,128,601","591,985","547,884","1,311,260","738,563","1,619,843","378,347","261,715","911,862","410,350","357,645","599,796"
2023/7/12,"310,333","695,225","1,124,355","1,154,564","601,044","506,223","1,235,457","708,142","1,465,137","382,577","278,098","891,726","359,025","344,839","556,519"
2023/7/13,"345,872","752,693","1,111,690","1,185,416","568,247","520,633","1,277,006","757,882","1,607,552","397,487","320,523","1,015,850","315,495","367,727","583,243"
2023/7/14,"347,502","868,851","1,345,876","1,516,119","808,406","607,979","1,725,400","1,076,345","2,287,727","502,418","452,620","1,069,799","426,364","429,479","752,766"
2023/7/15,"425,252","1,153,924","1,864,280","1,977,411","941,157","830,039","2,175,313","1,457,562","3,130,105","777,222","645,644","1,860,535","608,061","469,640","944,546"
2023/7/16,"441,725","1,272,734","1,851,356","2,071,080","937,664","870,867","2,366,366","1,569,015","3,694,646","883,779","640,963","2,046,678","682,694","621,454","924,005"
2023/7/17,"313,573","765,933","1,364,646","1,238,270","568,214","601,598","1,442,644","989,541","1,960,416","385,941","342,864","1,142,012","544,259","452,967","771,129"
2023/7/18,"327,751","674,661","1,068,565","1,030,970","578,412","540,910","1,134,014","626,660","1,580,468","345,654","252,839","910,363","386,384","415,970","583,206"
2023/7/19,"316,296","728,412","1,049,669","1,016,960","624,421","502,196","1,184,812","706,443","1,452,815","352,253","285,018","767,006","336,134","377,401","563,654"
2023/7/20,"340,070","770,496","1,089,492","1,073,217","648,942","618,496","1,177,750","763,559","1,546,965","386,415","252,079","884,781","337,538","710,625","637,041"
2023/7/21,"358,968","885,466","1,377,427","1,478,032","761,626","644,921","1,623,598","1,029,301","2,182,204","564,959","420,610","1,187,613","419,176","421,517","837,334"
2023/7/22,"426,221","1,231,668","1,945,497","2,009,338","1,015,486","838,287","2,314,380","1,651,710","3,107,526","800,285","626,507","1,776,537","573,609","443,558","974,929"
2023/7/23,"446,298","1,334,452","1,918,788","2,242,530","1,097,161","872,161","2,453,848","1,609,878","3,682,657","891,928","756,514","2,046,687","625,788","652,724","1,024,949"
2023/7/24,"336,360","787,811","1,541,794","1,392,558","672,333","828,670","1,565,319","1,071,167","2,099,094","553,937","447,215","1,208,322","607,573","488,808","729,737"
2023/7/25,"410,102","821,849","1,088,622","1,264,414","750,866","619,295","1,381,485","785,382","1,670,885","450,301","359,819","1,114,220","453,674","470,898","673,018"
2023/7/26,"295,928","636,954","982,498","990,906","603,527","423,010","1,103,339","588,847","1,205,466","303,803","157,394","932,338","277,114","273,464","459,479"
2023/7/27,"383,587","750,026","785,075","767,817","343,263","282,663","888,629","456,779","935,450","211,437","102,181","476,989","113,251","358,935","447,308"
2023/7/28,"376,754","832,345","1,209,340","1,676,844","527,670","255,102","1,587,027","968,923","1,882,086","424,142","220,260","600,635","135,149","374,723","795,195"
2023/7/29,"451,635","1,209,609","1,803,986","1,787,629","1,081,711","722,107","2,221,076","1,486,175","2,683,720","714,047","506,881","1,492,561","434,938","382,141","820,410"
2023/7/30,"444,600","1,373,827","1,864,840","2,101,038","1,188,620","809,126","2,193,798","1,615,405","3,409,863","741,303","575,461","1,841,389","492,262","625,326","896,515"
2023/7/31,"459,732","945,056","1,625,984","1,346,749","817,375","660,436","1,517,787","1,244,769","2,387,551","344,267","359,094","1,172,607","546,066","479,888","719,250"
2023/8/1,"310,151","673,954","837,881","1,037,746","643,238","493,773","1,133,077","687,651","1,419,571","265,605","261,339","819,259","294,363","339,677","524,001"
2023/8/2,"306,458","623,059","948,437","1,062,783","729,969","514,354","1,098,157","677,460","1,342,793","234,530","265,246","759,452","318,652","323,030","520,987"
2023/8/3,"302,451","594,219","1,064,573","1,139,571","664,791","521,199","1,055,873","663,785","1,367,924","247,613","292,813","834,493","323,725","162,368","180,405"
2023/8/4,"342,993","817,088","1,297,054","1,477,695","895,329","574,939","1,563,776","951,987","2,109,968","373,268","377,253","1,084,201","408,736","347,351","662,741"
2023/8/5,"452,968","1,183,607","1,715,414","1,980,577","1,135,177","844,647","2,295,368","1,663,081","3,011,820","499,406","600,180","1,669,188","595,191","412,328","905,339"
2023/8/6,"453,809","1,228,068","1,901,941","2,167,326","1,246,121","975,124","2,576,760","1,578,495","3,497,287","556,166","659,042","1,987,373","648,826","641,130","998,808"
2023/8/7,"308,442","778,091","1,417,641","1,381,402","740,917","635,691","1,520,302","962,476","1,977,935","326,215","340,834","1,117,662","539,863","496,455","779,317"
2023/8/8,"355,697","659,951","1,067,615","1,094,678","738,978","528,306","1,248,944","693,121","1,512,082","237,487","239,278","870,804","360,949","370,362","634,283"
2023/8/9,"363,394","750,118","1,057,235","1,088,111","853,588","529,320","1,303,737","745,354","1,547,395","274,237","276,281","893,643","322,978","395,102","588,243"
2023/8/10,"355,918","849,142","1,168,798","1,279,186","833,078","518,412","1,266,645","803,566","1,569,439","272,457","337,933","829,672","342,266","433,512","734,178"
2023/8/11,"376,248","937,811","1,378,507","1,584,225","1,022,966","606,604","1,771,340","1,190,754","2,459,768","381,733","454,926","1,171,774","426,070","535,066","973,304"
2023/8/12,"468,435","1,284,446","2,076,756","2,140,578","1,257,791","877,414","2,536,671","1,895,318","3,609,757","628,829","716,816","2,007,451","659,096","572,423","1,083,514"
2023/8/13,"500,360","1,434,489","2,027,363","2,336,056","1,302,759","972,256","2,911,493","1,965,798","4,125,534","727,219","922,697","2,226,760","733,351","732,496","1,215,407"
2023/8/14,"325,585","858,228","1,504,204","1,530,286","813,773","656,646","1,798,219","1,062,359","2,575,423","348,141","436,630","1,411,896","701,868","573,801","949,633"
2023/8/15,"318,990","784,880","1,165,522","1,204,841","797,725","568,050","1,457,123","801,946","1,739,002","276,293","292,077","1,104,652","461,453","448,859","751,764"
2023/8/16,"333,432","670,012","1,062,785","1,047,069","693,318","516,100","1,175,121","722,446","1,419,164","296,443","237,237","753,028","356,321","413,698","591,840"
2023/8/17,"496,778","753,248","1,225,882","1,480,667","731,385","945,937","1,304,361","927,209","1,594,958","252,323","261,218","931,310","443,486","633,287","653,828"
2023/8/18,"362,626","884,146","1,345,261","1,545,939","889,447","586,835","1,767,853","1,050,003","2,117,885","354,305","428,207","1,233,347","346,203","427,511","1,012,546"
2023/8/19,"461,955","1,209,633","1,897,268","1,993,158","1,167,087","836,293","2,312,673","1,542,222","3,108,879","526,874","708,443","1,702,994","554,232","460,871","1,074,218"
2023/8/20,"504,102","1,315,059","1,827,951","2,188,018","1,248,724","857,331","2,701,155","1,653,551","3,701,545","550,954","750,913","2,052,278","588,918","619,125","1,133,924"
2023/8/21,"325,489","842,968","1,433,081","1,443,976","782,800","635,615","1,664,413","950,501","2,145,553","337,338","406,494","1,261,861","558,977","591,226","870,529"
2023/8/22,"343,747","766,105","1,120,776","1,180,676","804,967","621,713","1,414,781","771,173","1,562,132","247,421","296,617","1,212,449","390,830","518,810","732,164"
2023/8/23,"322,088","708,109","1,064,649","1,273,891","707,910","615,008","1,356,696","750,872","1,585,329","256,288","332,698","933,521","383,655","458,411","635,695"
2023/8/24,"327,611","784,947","1,134,516","1,202,857","709,801","510,062","1,294,256","763,429","1,638,353","268,824","253,068","995,424","333,825","387,793","711,535"
2023/8/25,"502,115","1,050,078","1,444,470","1,822,767","990,950","626,409","1,782,236","1,179,430","2,429,700","363,516","424,023","1,127,500","378,659","408,239","830,769"
2023/8/26,"454,810","1,274,324","1,866,434","2,045,900","1,159,230","838,442","2,355,657","1,666,269","3,218,642","541,740","630,588","1,747,861","615,494","405,258","950,368"
2023/8/27,"436,601","1,423,322","1,887,619","2,061,081","1,262,478","846,584","2,667,454","1,732,568","3,689,853","585,578","677,331","1,956,933","656,299","609,349","958,790"
2023/8/28,"348,289","764,484","1,401,039","1,352,965","900,730","639,642","1,437,838","1,215,988","2,351,005","309,113","334,051","1,117,932","543,066","427,637","793,345"
2023/8/29,"345,779","850,850","1,026,112","1,015,024","714,340","556,542","1,172,875","699,093","1,326,848","227,828","247,197","916,024","369,799","297,349","743,241"
2023/8/30,"307,252","486,223","811,929","827,920","466,052","542,163","867,528","523,979","931,138","166,472","129,595","529,574","249,873","180,655","423,949"
2023/8/31,"442,613","879,303","1,045,702","886,838","506,955","589,325","1,048,810","657,472","998,346","182,305","140,444","650,026","236,801","236,825","302,709"
2023/9/1,"443,964","727,274","909,346","1,194,305","800,015","401,315","1,199,382","849,602","1,328,688","257,283","266,548","681,782","185,992","294,067","457,853"
2023/9/2,"419,419","1,117,434","1,695,573","1,877,671","1,093,340","785,419","1,859,654","1,274,014","2,490,769","471,397","550,618","1,482,572","402,580","303,472","493,090"
2023/9/3,"365,173","968,172","1,434,792","1,696,899","900,667","591,247","1,649,039","1,037,778","2,296,090","361,486","373,591","1,137,155","275,637","254,692","333,985"
2023/9/4,"281,390","556,006","767,260","743,422","416,649","282,077","818,740","495,554","635,042","115,497","116,123","521,205","158,240","212,786","285,463"
2023/9/5,"307,896","562,977","814,830","787,913","601,327","461,039","882,654","586,524","991,370","180,367","203,497","563,103","253,170","251,102","279,597"
2023/9/6,"291,324","635,200","849,682","876,178","633,624","514,482","885,114","636,602","1,109,728","175,917","151,427","603,449","248,009","268,530","310,103"
2023/9/7,"300,547","695,344","919,650","914,710","680,318","453,835","982,799","587,648","1,110,576","221,853","173,953","618,029","230,315","275,327","427,078"
2023/9/8,"339,547","722,430","1,116,217","1,152,496","826,032","536,333","1,359,041","882,897","1,710,669","248,869","288,299","899,897","262,036","311,678","570,543"
2023/9/9,"453,392","1,300,372","1,792,659","1,844,242","1,196,591","834,748","2,227,626","1,507,575","2,821,748","440,343","573,864","1,608,644","438,568","405,720","761,411"
2023/9/10,"484,712","1,321,131","1,785,926","2,007,123","1,068,819","772,105","2,485,842","1,608,349","3,145,429","532,558","598,885","1,798,796","398,414","563,221","844,068"
2023/9/11,"305,471","667,727","1,146,345","1,008,770","665,117","588,868","1,056,176","720,428","1,324,008","251,464","232,215","818,440","395,481","307,554","480,359"
2023/9/12,"320,743","642,093","825,248","821,756","566,383","454,413","944,988","521,966","989,753","188,594","145,137","599,002","225,750","235,363","423,311"
2023/9/13,"289,604","564,751","845,477","788,666","560,213","459,995","910,087","530,436","970,807","165,674","160,195","598,152","205,203","255,950","397,686"
2023/9/14,"447,564","678,876","925,215","1,001,088","630,480","589,834","989,679","604,221","989,352","214,405","162,748","685,834","321,472","288,899","481,624"
2023/9/15,"365,674","871,708","1,171,706","1,201,288","873,558","544,986","1,280,414","875,771","1,700,043","281,468","319,063","916,922","310,033","326,180","606,894"
2023/9/16,"460,632","1,243,475","1,857,027","1,816,706","1,048,235","834,004","2,258,400","1,490,085","3,052,652","512,736","625,424","1,739,532","581,229","407,290","819,219"
2023/9/17,"461,299","1,329,600","1,750,284","2,027,372","1,271,110","889,163","2,508,164","1,631,218","3,397,611","568,035","646,682","1,989,258","552,421","649,988","907,121"
2023/9/18,"334,779","682,694","1,252,594","1,075,352","666,022","622,796","1,197,355","798,040","1,358,109","263,986","254,795","986,117","485,602","361,073","617,821"
2023/9/19,"345,665","669,899","945,557","903,364","642,543","562,443","1,095,514","673,304","1,197,226","208,293","190,144","816,934","311,753","322,103","486,405"
2023/9/20,"317,936","658,161","980,672","848,635","617,455","546,858","1,071,485","636,065","1,225,668","230,576","225,427","748,099","257,857","595,434","445,312"
2023/9/21,"319,178","742,380","969,797","961,799","670,410","606,755","1,142,836","676,408","1,250,765","220,884","191,807","789,633","277,417","342,369","441,414"
2023/9/22,"346,459","737,096","1,040,501","1,358,342","741,379","545,173","1,253,888","765,185","1,464,112","475,165","273,913","988,760","284,188","303,260","542,378"
2023/9/23,"407,896","979,978","1,339,582","1,374,832","910,301","658,869","1,560,796","1,110,969","2,125,273","716,886","353,000","1,250,756","432,668","380,609","599,024"
2023/9/24,"458,967","1,119,676","1,498,904","1,786,810","1,059,063","831,710","1,871,694","1,231,713","2,848,498","937,596","475,795","1,709,163","510,467","504,775","820,092"
2023/9/25,"366,610","698,675","1,182,503","1,096,845","759,501","766,853","1,234,065","1,008,308","1,506,133","506,572","204,945","990,139","417,569","342,226","473,699"
2023/9/26,"337,552","667,356","1,097,013","968,384","714,234","543,529","1,210,556","644,208","1,306,671","433,173","201,197","763,036","334,178","461,151","541,358"
2023/9/27,"573,248","707,856","1,047,890","1,039,077","708,578","557,368","1,172,569","714,635","1,474,631","476,622","223,715","746,798","275,128","321,991","525,914"
2023/9/28,"428,236","1,159,168","1,504,323","1,484,429","1,008,058","663,376","1,733,813","1,185,365","2,274,176","786,355","262,165","1,080,944","394,845","326,168","750,790"
2023/9/29,"411,075","1,276,997","2,477,088","2,492,277","1,351,710","991,746","2,563,375","2,273,303","4,003,944","1,604,110","1,220,151","2,223,521","725,775","283,882","868,699"
2023/9/30,"570,555","1,398,707","2,177,578","1,872,296","1,105,076","879,531","2,226,525","1,593,563","3,016,064","1,042,789","1,148,660","1,815,440","661,411","419,889","666,380"
2023/10/1,"461,688","1,469,571","1,820,653","2,339,420","1,436,796","852,986","3,004,962","2,208,741","4,203,201","1,388,769","1,413,577","2,175,507","618,537","487,050","982,102"
2023/10/2,"277,012","666,828","1,331,310","1,099,625","668,446","637,405","1,202,591","897,966","1,475,725","504,780","504,948","968,115","529,465","306,210","482,597"
2023/10/3,"269,858","560,837","877,525","826,557","649,616","496,812","922,801","567,612","1,055,831","377,657","373,351","629,375","312,483","284,619","391,312"
2023/10/4,"288,071","526,408","785,006","824,965","557,159","480,725","732,810","491,686","853,414","328,177","313,312","548,863","222,000","203,948","275,869"
2023/10/5,"298,140","448,393","546,866","536,885","303,777","290,863","675,400","333,807","378,746","225,604","186,311","310,886","97,604","206,815","161,775"
2023/10/6,"349,895","776,915","1,177,253","1,222,424","872,170","467,979","1,395,081","1,010,789","1,782,765","587,511","565,481","818,328","238,282","296,221","611,497"
2023/10/7,"422,830","1,371,022","2,479,337","2,502,837","1,420,028","1,015,050","2,538,912","1,988,935","3,803,724","1,419,324","1,515,951","2,093,423","707,111","345,071","917,811"
2023/10/8,"481,708","1,527,963","2,292,120","2,499,131","1,555,958","1,079,847","2,822,004","1,982,328","3,957,201","1,289,863","1,727,314","2,444,212","712,979","477,114","903,189"
2023/10/9,"493,612","1,652,539","2,392,692","2,512,676","1,368,908","1,003,464","3,166,718","2,230,280","4,527,314","1,422,118","1,902,691","2,518,916","818,291","641,502","1,110,986"
2023/10/10,"353,562","1,134,623","2,112,216","2,076,564","1,155,285","749,182","2,274,475","1,519,385","3,323,169","975,927","1,324,291","1,935,592","861,738","471,776","904,689"
2023/10/11,"290,265","742,238","1,200,739","1,020,758","703,514","577,142","1,100,822","685,223","1,311,463","448,876","522,324","825,719","386,721","296,666","392,200"
2023/10/12,"308,108","675,145","904,024","887,883","609,106","503,869","1,049,720","690,441","1,151,478","407,941","451,368","602,916","237,864","315,592","398,824"
2023/10/13,"331,980","712,446","1,033,805","1,137,517","790,332","506,629","1,333,585","766,002","1,445,588","494,585","618,218","813,015","260,533","340,845","528,276"
2023/10/14,"413,806","1,076,074","1,577,093","1,685,142","995,462","777,397","2,156,289","1,281,471","2,480,948","823,449","1,155,040","1,454,884","491,334","397,546","624,586"
2023/10/15,"407,168","1,136,123","1,587,953","1,823,043","1,131,055","842,092","2,289,669","1,258,420","2,743,170","952,265","1,270,447","1,791,843","532,809","535,384","763,370"
2023/10/16,"296,792","621,249","1,101,644","1,019,945","688,503","570,895","1,125,887","824,419","1,297,129","457,016","554,228","837,534","403,305","372,348","584,621"
2023/10/17,"331,409","580,081","859,420","850,122","609,349","480,164","994,364","584,219","1,105,277","408,551","498,099","685,040","357,502","307,399","423,939"
2023/10/18,"332,594","596,646","873,029","864,626","650,106","506,472","1,042,754","591,118","1,048,998","360,024","462,793","690,160","250,252","314,606","420,613"
2023/10/19,"307,805","670,535","882,086","901,944","638,417","466,428","1,077,633","667,718","1,115,910","445,373","465,335","657,642","262,467","531,177","536,644"
2023/10/20,"329,442","792,443","1,117,050","1,217,556","860,700","622,794","1,479,978","936,887","1,713,803","566,469","667,599","849,567","286,393","334,444","556,670"
2023/10/21,"424,286","1,121,980","1,784,026","1,740,855","1,107,348","807,718","2,200,357","1,452,498","2,667,551","950,854","1,175,067","1,656,155","467,085","384,955","650,577"
2023/10/22,"397,629","1,234,402","1,682,672","1,877,019","1,174,649","901,660","2,369,369","1,408,734","3,135,703","987,489","1,329,871","1,844,347","504,611","451,263","792,171"
2023/10/23,"286,678","652,303","1,151,112","1,024,614","662,101","730,358","1,090,440","831,706","1,435,763","482,578","574,844","1,037,057","399,872","396,984","472,988"
2023/10/24,"284,725","704,469","893,270","915,199","670,348","537,674","1,076,204","607,271","1,088,310","366,710","553,092","701,211","361,435","343,616","374,076"
2023/10/25,"342,995","681,641","998,693","827,184","636,860","517,326","1,018,247","607,557","1,136,029","382,817","466,997","748,384","244,148","371,475","366,620"
2023/10/26,"714,278","869,193","891,780","877,033","669,543","502,104","1,019,098","611,742","1,111,360","386,441","506,614","656,424","247,276","331,372","631,258"
2023/10/27,"361,848","789,348","1,087,052","1,401,356","905,681","528,230","1,475,079","836,725","1,665,452","549,684","688,572","967,879","285,089","319,619","614,886"
2023/10/28,"384,115","1,084,306","1,663,641","1,736,077","1,097,759","780,794","2,168,455","1,355,609","2,571,105","918,223","1,187,489","1,554,319","465,336","391,215","682,886"
2023/10/29,"377,860","1,152,798","1,595,239","1,779,641","1,126,855","835,734","2,338,509","1,375,586","2,944,603","953,258","1,402,949","1,721,737","482,423","489,890","643,142"
2023/10/30,"321,678","680,426","1,140,094","958,120","794,427","557,311","1,145,802","655,261","1,675,295","439,678","559,156","1,024,466","395,803","322,821","522,355"
2023/10/31,"452,088","730,662","1,031,710","862,808","670,336","598,049","972,373","921,773","1,001,204","366,243","645,844","733,918","314,222","252,286","492,245"
2023/11/1,"276,566","541,067","669,910","732,402","617,731","307,001","944,226","500,944","865,247","347,786","433,709","609,241","158,008","296,891","410,558"
2023/11/2,"303,771","605,802","879,345","826,874","588,303","495,460","943,231","596,748","995,592","406,058","500,107","645,449","235,427","291,916","403,835"
2023/11/3,"338,145","814,822","1,095,702","1,182,649","805,411","542,281","1,439,830","869,895","1,462,937","555,779","744,844","881,267","403,529","348,389","625,873"
2023/11/4,"410,417","1,162,332","1,764,608","1,774,068","1,097,237","868,762","2,160,149","1,484,359","2,717,455","986,132","1,227,725","1,613,665","479,798","419,595","673,907"
2023/11/5,"405,139","1,306,756","1,695,514","1,961,016","1,183,927","877,603","2,520,821","1,523,593","3,316,954","1,163,597","1,598,777","2,016,175","560,511","593,321","824,222"
2023/11/6,"261,693","640,854","1,178,526","1,002,448","635,788","612,753","1,171,484","764,847","1,396,032","477,695","518,640","977,720","443,129","330,695","532,065"
2023/11/7,"284,175","597,665","900,390","866,917","629,082","457,063","1,006,547","597,514","983,196","431,990","447,750","660,942","328,918","278,108","382,615"
2023/11/8,"296,174","661,551","886,675","806,143","590,703","483,771","986,129","568,366","1,048,546","389,816","522,307","635,625","228,763","273,018","398,543"
2023/11/9,"317,121","656,740","961,328","901,543","634,370","502,594","1,026,867","656,421","1,069,208","399,343","501,031","704,290","228,568","292,285","393,664"
2023/11/10,"366,009","816,523","1,169,105","1,305,124","961,067","585,297","1,418,094","937,235","1,781,405","615,579","717,693","916,073","274,806","350,323","514,859"
2023/11/11,"469,540","1,228,148","1,880,046","1,901,767","1,232,253","837,348","2,412,455","1,649,787","3,073,228","1,102,969","1,377,363","1,879,392","538,999","412,239","783,864"
2023/11/12,"465,171","1,417,817","1,986,300","2,067,924","1,459,782","919,544","2,669,548","1,831,029","3,564,315","1,359,723","1,753,968","2,188,913","560,469","551,922","781,414"
2023/11/13,"274,287","761,969","1,404,532","1,097,124","751,202","653,361","1,378,704","864,927","1,731,834","558,262","689,056","1,018,377","431,231","369,740","551,262"
2023/11/14,"330,980","600,289","1,011,808","856,830","651,576","516,022","1,023,412","616,505","1,185,289","418,912","517,333","736,633","328,492","302,226","402,764"
2023/11/15,"284,968","673,701","930,964","853,991","635,522","500,635","1,121,057","647,951","1,147,373","425,076","523,031","697,622","237,103","285,693","391,157"
2023/11/16,"294,524","701,330","1,029,097","935,999","685,184","525,286","1,095,045","681,527","1,191,184","457,688","540,442","737,695","266,523","311,106","444,886"
2023/11/17,"372,120","928,495","1,347,702","1,391,264","893,322","538,009","1,607,447","971,231","1,792,207","642,107","809,803","1,046,545","308,618","391,691","590,122"
2023/11/18,"455,233","1,222,546","1,945,550","1,971,401","1,164,958","887,148","2,340,241","1,557,533","2,822,942","1,083,064","1,430,569","1,794,099","555,739","461,334","767,745"
2023/11/19,"451,173","1,345,826","1,970,394","2,104,528","1,245,859","849,694","2,687,830","1,646,991","3,352,490","1,206,678","1,747,742","2,011,870","564,802","606,876","797,157"
2023/11/20,"313,231","725,864","1,321,479","1,153,896","722,841","664,984","1,315,904","827,442","1,484,369","581,910","682,044","1,130,531","446,553","389,926","575,792"
2023/11/21,"299,798","631,487","981,869","948,782","610,761","536,524","1,047,774","628,364","1,154,012","456,697","641,690","726,861","345,113","370,983","420,116"
2023/11/22,"290,420","610,020","921,735","898,051","652,125","622,254","1,053,497","612,144","998,752","390,884","474,425","702,896","226,208","366,219","443,699"
2023/11/23,"312,507","653,798","1,001,967","966,832","726,182","538,554","1,130,749","645,503","1,088,878","440,373","523,239","683,707","244,662","311,871","459,820"
2023/11/24,"370,885","963,987","1,296,027","1,456,459","910,010","557,728","1,566,059","952,377","1,705,445","606,985","841,232","1,046,261","283,290","379,863","527,441"
2023/11/25,"431,481","1,179,933","1,896,205","1,887,090","1,152,269","818,644","2,365,045","1,507,722","2,748,772","1,064,254","1,356,841","1,752,898","505,260","441,856","757,516"
2023/11/26,"470,259","1,437,898","1,919,643","2,135,504","1,268,860","852,894","2,644,078","1,668,511","3,426,436","1,239,092","1,719,914","2,001,438","531,466","599,904","739,495"
2023/11/27,"297,622","825,857","1,353,536","1,137,344","780,690","620,905","1,307,763","1,088,076","1,590,112","508,210","610,313","1,045,080","411,158","676,410","543,908"
2023/11/28,"332,060","737,655","946,944","865,855","639,979","481,201","1,196,386","611,518","1,071,561","417,694","519,825","708,592","251,282","453,523","578,189"
2023/11/29,"462,376","604,856","918,293","935,801","645,279","463,383","1,073,039","571,981","1,084,779","412,306","537,821","663,124","212,554","275,564","383,386"
2023/11/30,"438,342","792,572","1,129,713","979,781","804,716","524,940","1,096,608","648,323","1,068,470","393,762","748,993","804,328","286,726","309,673","438,139"
2023/12/1,"379,582","899,487","1,210,694","1,371,765","930,599","684,704","1,456,347","975,611","1,665,002","698,322","839,336","964,338","291,734","346,124","493,277"
2023/12/2,"419,866","1,221,312","1,910,913","1,978,161","1,195,912","862,817","2,335,019","1,488,146","2,788,200","1,042,657","1,360,634","1,700,883","559,977","430,842","641,310"
2023/12/3,"459,451","1,390,086","1,941,038","2,205,632","1,285,950","948,057","2,566,598","1,576,127","3,279,483","1,186,764","1,716,738","2,027,460","541,604","576,866","712,109"
2023/12/4,"293,869","625,260","1,246,153","1,100,062","674,513","604,518","1,218,247","806,600","1,450,941","526,892","712,910","994,214","443,378","330,090","500,110"
2023/12/5,"293,243","608,872","982,668","810,878","642,572","513,211","949,301","589,396","960,826","383,665","484,729","693,266","437,451","290,285","413,488"
2023/12/6,"285,974","604,000","888,954","892,731","639,877","474,340","1,025,461","637,887","1,096,889","434,853","539,115","663,313","238,615","265,284","405,005"
2023/12/7,"318,683","678,362","905,472","948,578","663,613","491,588","1,105,517","646,163","1,144,631","411,094","531,983","767,805","229,753","295,136","398,208"
2023/12/8,"400,280","825,267","1,238,898","1,305,819","936,182","547,926","1,535,517","935,795","1,761,715","634,665","772,151","948,988","345,442","371,422","570,321"
2023/12/9,"450,521","1,239,481","1,868,129","1,834,129","1,187,998","838,114","2,438,242","1,564,626","2,934,001","1,099,720","1,374,670","1,750,334","478,311","430,962","682,989"
2023/12/10,"486,742","1,379,531","1,916,135","2,132,843","1,299,271","886,787","2,738,473","1,687,059","3,415,720","1,248,537","1,717,948","2,124,556","562,769","552,826","784,147"
2023/12/11,"278,289","709,420","1,284,099","1,117,319","742,049","626,665","1,426,602","896,617","1,731,879","600,147","761,860","1,101,796","455,254","395,399","511,236"
2023/12/12,"271,527","620,045","948,193","945,736","654,206","510,791","1,046,503","629,708","1,168,782","452,385","527,219","809,859","360,715","281,208","394,737"
2023/12/13,"302,754","646,919","888,617","853,940","794,450","454,732","1,082,390","405,822","1,156,370","464,616","487,666","640,009","237,288","279,981","393,557"
2023/12/14,"333,391","643,772","902,354","924,535","672,471","488,739","1,095,427","638,146","1,172,853","422,757","496,994","657,076","248,084","296,299","388,044"
2023/12/15,"418,260","1,058,687","1,278,079","1,268,758","955,320","713,142","1,613,250","1,015,483","2,006,874","740,117","519,413","992,832","352,189","377,060","563,566"
2023/12/16,"446,689","1,309,984","1,933,444","1,947,866","1,175,373","863,391","2,554,350","1,677,118","3,185,679","1,235,439","1,416,023","1,689,742","518,870","392,035","676,236"
2023/12/17,"443,479","1,425,883","1,901,814","2,078,278","1,332,019","890,303","2,699,449","1,665,941","3,201,312","1,330,470","1,681,793","2,062,564","590,806","551,343","705,416"
2023/12/18,"294,270","723,245","1,308,293","1,118,535","726,402","650,391","1,408,588","813,072","1,653,365","584,023","702,304","1,028,968","451,940","365,615","541,526"
2023/12/19,"303,765","653,609","979,845","961,394","673,594","533,104","1,076,982","672,346","1,173,603","445,346","548,309","704,103","330,995","334,634","425,333"
2023/12/20,"318,800","643,614","992,272","973,362","718,831","497,155","1,077,227","621,636","1,175,204","499,060","565,026","645,133","270,006","335,153","421,363"
2023/12/21,"330,776","624,694","981,117","976,722","671,390","545,695","1,138,390","685,068","1,164,556","458,201","541,897","675,177","252,905","304,066","446,410"
2023/12/22,"373,997","840,137","1,179,565","1,347,290","886,151","626,069","1,387,030","874,586","1,689,303","670,794","762,102","917,351","273,728","566,982","527,130"
2023/12/23,"404,237","1,179,510","1,862,059","1,940,674","1,174,336","840,705","2,195,029","1,470,430","2,926,217","1,085,409","1,244,361","1,621,893","480,104","403,219","634,150"
2023/12/24,"431,424","1,373,537","1,861,349","2,005,362","1,279,934","870,484","2,460,138","1,596,386","3,434,637","1,302,990","1,540,330","2,056,452","532,026","487,379","732,564"
2023/12/25,"328,498","700,942","1,478,378","1,537,860","797,172","737,626","1,382,897","1,125,247","1,991,057","630,844","782,985","982,391","487,202","412,134","560,151"
2023/12/26,"280,394","659,374","1,017,971","964,786","641,791","502,870","1,078,951","643,103","1,196,670","486,123","513,470","717,206","258,028","408,905","429,370"
2023/12/27,"363,610","632,739","971,787","944,871","720,160","500,982","1,093,027","586,316","1,076,587","457,446","536,061","877,953","231,956","317,019","453,197"
2023/12/28,"511,373","766,627","1,069,115","1,125,868","777,493","545,690","1,236,804","753,255","1,286,327","510,926","597,021","759,520","269,369","287,006","647,531"
2023/12/29,"366,295","1,179,646","1,399,627","1,504,952","1,081,271","583,005","1,718,070","1,093,881","2,141,740","779,371","888,227","1,137,304","331,580","347,037","678,872"
2023/12/30,"446,933","1,399,198","2,542,677","2,505,102","1,572,455","919,401","2,889,540","2,082,103","3,556,517","1,684,523","1,826,980","2,353,420","746,186","383,222","1,057,321"
2023/12/31,"614,486","1,562,895","2,598,565","2,247,561","1,339,668","1,142,235","2,717,407","1,743,470","3,448,484","1,616,219","2,413,863","2,551,799","985,419","432,551","846,045"
